source,target,edge_type
SUP-024,FAC-016,SUPPLIER_TO_FACTORY
SUP-015,FAC-020,SUPPLIER_TO_FACTORY
SUP-027,FAC-014,SUPPLIER_TO_FACTORY
SUP-039,FAC-020,SUPPLIER_TO_FACTORY
SUP-003,FAC-012,SUPPLIER_TO_FACTORY
SUP-010,FAC-016,SUPPLIER_TO_FACTORY
SUP-012,FAC-003,SUPPLIER_TO_FACTORY
SUP-041,FAC-007,SUPPLIER_TO_FACTORY
SUP-029,FAC-002,SUPPLIER_TO_FACTORY
SUP-008,FAC-003,SUPPLIER_TO_FACTORY
SUP-017,FAC-017,SUPPLIER_TO_FACTORY
SUP-009,FAC-019,SUPPLIER_TO_FACTORY
SUP-042,FAC-003,SUPPLIER_TO_FACTORY
SUP-004,FAC-005,SUPPLIER_TO_FACTORY
SUP-021,FAC-008,SUPPLIER_TO_FACTORY
SUP-007,FAC-009,SUPPLIER_TO_FACTORY
SUP-048,FAC-014,SUPPLIER_TO_FACTORY
SUP-046,FAC-012,SUPPLIER_TO_FACTORY
SUP-020,FAC-006,SUPPLIER_TO_FACTORY
SUP-006,FAC-009,SUPPLIER_TO_FACTORY
SUP-014,FAC-001,SUPPLIER_TO_FACTORY
SUP-036,FAC-001,SUPPLIER_TO_FACTORY
SUP-045,FAC-016,SUPPLIER_TO_FACTORY
SUP-031,FAC-016,SUPPLIER_TO_FACTORY
SUP-035,FAC-004,SUPPLIER_TO_FACTORY
SUP-025,FAC-003,SUPPLIER_TO_FACTORY
SUP-034,FAC-001,SUPPLIER_TO_FACTORY
SUP-050,FAC-006,SUPPLIER_TO_FACTORY
SUP-016,FAC-011,SUPPLIER_TO_FACTORY
SUP-013,FAC-020,SUPPLIER_TO_FACTORY
SUP-044,FAC-001,SUPPLIER_TO_FACTORY
SUP-001,FAC-001,SUPPLIER_TO_FACTORY
SUP-047,FAC-019,SUPPLIER_TO_FACTORY
SUP-033,FAC-004,SUPPLIER_TO_FACTORY
SUP-043,FAC-017,SUPPLIER_TO_FACTORY
SUP-030,FAC-003,SUPPLIER_TO_FACTORY
SUP-040,FAC-008,SUPPLIER_TO_FACTORY
SUP-032,FAC-009,SUPPLIER_TO_FACTORY
SUP-028,FAC-018,SUPPLIER_TO_FACTORY
SUP-019,FAC-004,SUPPLIER_TO_FACTORY
SUP-022,FAC-020,SUPPLIER_TO_FACTORY
SUP-011,FAC-016,SUPPLIER_TO_FACTORY
SUP-005,FAC-005,SUPPLIER_TO_FACTORY
SUP-037,FAC-014,SUPPLIER_TO_FACTORY
SUP-018,FAC-008,SUPPLIER_TO_FACTORY
SUP-038,FAC-016,SUPPLIER_TO_FACTORY
SUP-026,FAC-018,SUPPLIER_TO_FACTORY
SUP-049,FAC-006,SUPPLIER_TO_FACTORY
SUP-002,FAC-016,SUPPLIER_TO_FACTORY
SUP-023,FAC-003,SUPPLIER_TO_FACTORY
FAC-016,US-LAX,FACTORY_TO_ORIGIN_PORT
FAC-020,VN-SGN,FACTORY_TO_ORIGIN_PORT
FAC-014,US-LAX,FACTORY_TO_ORIGIN_PORT
FAC-012,CN-SHA,FACTORY_TO_ORIGIN_PORT
FAC-003,DE-HAM,FACTORY_TO_ORIGIN_PORT
FAC-007,CN-SHA,FACTORY_TO_ORIGIN_PORT
FAC-002,VN-SGN,FACTORY_TO_ORIGIN_PORT
FAC-017,US-LAX,FACTORY_TO_ORIGIN_PORT
FAC-019,VN-SGN,FACTORY_TO_ORIGIN_PORT
FAC-005,CN-SHA,FACTORY_TO_ORIGIN_PORT
FAC-008,VN-SGN,FACTORY_TO_ORIGIN_PORT
FAC-009,CN-NGB,FACTORY_TO_ORIGIN_PORT
FAC-006,CN-SHA,FACTORY_TO_ORIGIN_PORT
FAC-001,DE-HAM,FACTORY_TO_ORIGIN_PORT
FAC-004,DE-HAM,FACTORY_TO_ORIGIN_PORT
FAC-011,CN-NGB,FACTORY_TO_ORIGIN_PORT
FAC-018,VN-SGN,FACTORY_TO_ORIGIN_PORT
US-LAX,US-LGB,ORIGIN_TO_DEST_PORT
VN-SGN,DE-BRE,ORIGIN_TO_DEST_PORT
US-LAX,NL-RTM,ORIGIN_TO_DEST_PORT
US-LAX,US-NYC,ORIGIN_TO_DEST_PORT
CN-SHA,US-LGB,ORIGIN_TO_DEST_PORT
DE-HAM,US-LGB,ORIGIN_TO_DEST_PORT
CN-SHA,SG-SIN,ORIGIN_TO_DEST_PORT
VN-SGN,US-NYC,ORIGIN_TO_DEST_PORT
DE-HAM,SG-SIN,ORIGIN_TO_DEST_PORT
US-LAX,DE-BRE,ORIGIN_TO_DEST_PORT
VN-SGN,SG-SIN,ORIGIN_TO_DEST_PORT
DE-HAM,JP-TYO,ORIGIN_TO_DEST_PORT
CN-SHA,DE-BRE,ORIGIN_TO_DEST_PORT
VN-SGN,US-LGB,ORIGIN_TO_DEST_PORT
CN-NGB,US-LGB,ORIGIN_TO_DEST_PORT
DE-HAM,DE-BRE,ORIGIN_TO_DEST_PORT
CN-SHA,JP-TYO,ORIGIN_TO_DEST_PORT
CN-NGB,DE-BRE,ORIGIN_TO_DEST_PORT
CN-SHA,US-NYC,ORIGIN_TO_DEST_PORT
CN-NGB,NL-RTM,ORIGIN_TO_DEST_PORT
VN-SGN,NL-RTM,ORIGIN_TO_DEST_PORT
US-LAX,SG-SIN,ORIGIN_TO_DEST_PORT
US-LAX,JP-TYO,ORIGIN_TO_DEST_PORT
DE-HAM,NL-RTM,ORIGIN_TO_DEST_PORT
CN-NGB,SG-SIN,ORIGIN_TO_DEST_PORT
DE-HAM,US-NYC,ORIGIN_TO_DEST_PORT
VN-SGN,JP-TYO,ORIGIN_TO_DEST_PORT
CN-NGB,JP-TYO,ORIGIN_TO_DEST_PORT
CN-SHA,NL-RTM,ORIGIN_TO_DEST_PORT
CN-NGB,US-NYC,ORIGIN_TO_DEST_PORT
US-LGB,WRH-029,DEST_PORT_TO_WAREHOUSE
DE-BRE,WRH-003,DEST_PORT_TO_WAREHOUSE
NL-RTM,WRH-029,DEST_PORT_TO_WAREHOUSE
US-NYC,WRH-005,DEST_PORT_TO_WAREHOUSE
US-LGB,WRH-015,DEST_PORT_TO_WAREHOUSE
US-LGB,WRH-022,DEST_PORT_TO_WAREHOUSE
SG-SIN,WRH-002,DEST_PORT_TO_WAREHOUSE
US-NYC,WRH-019,DEST_PORT_TO_WAREHOUSE
SG-SIN,WRH-022,DEST_PORT_TO_WAREHOUSE
DE-BRE,WRH-016,DEST_PORT_TO_WAREHOUSE
SG-SIN,WRH-004,DEST_PORT_TO_WAREHOUSE
JP-TYO,WRH-022,DEST_PORT_TO_WAREHOUSE
SG-SIN,WRH-003,DEST_PORT_TO_WAREHOUSE
DE-BRE,WRH-027,DEST_PORT_TO_WAREHOUSE
US-LGB,WRH-021,DEST_PORT_TO_WAREHOUSE
US-LGB,WRH-030,DEST_PORT_TO_WAREHOUSE
NL-RTM,WRH-005,DEST_PORT_TO_WAREHOUSE
DE-BRE,WRH-022,DEST_PORT_TO_WAREHOUSE
JP-TYO,WRH-027,DEST_PORT_TO_WAREHOUSE
DE-BRE,WRH-030,DEST_PORT_TO_WAREHOUSE
US-NYC,WRH-015,DEST_PORT_TO_WAREHOUSE
NL-RTM,WRH-030,DEST_PORT_TO_WAREHOUSE
DE-BRE,WRH-004,DEST_PORT_TO_WAREHOUSE
SG-SIN,WRH-013,DEST_PORT_TO_WAREHOUSE
US-LGB,WRH-013,DEST_PORT_TO_WAREHOUSE
NL-RTM,WRH-019,DEST_PORT_TO_WAREHOUSE
DE-BRE,WRH-029,DEST_PORT_TO_WAREHOUSE
SG-SIN,WRH-029,DEST_PORT_TO_WAREHOUSE
JP-TYO,WRH-029,DEST_PORT_TO_WAREHOUSE
DE-BRE,WRH-005,DEST_PORT_TO_WAREHOUSE
NL-RTM,WRH-013,DEST_PORT_TO_WAREHOUSE
SG-SIN,WRH-008,DEST_PORT_TO_WAREHOUSE
US-NYC,WRH-003,DEST_PORT_TO_WAREHOUSE
SG-SIN,WRH-028,DEST_PORT_TO_WAREHOUSE
NL-RTM,WRH-003,DEST_PORT_TO_WAREHOUSE
JP-TYO,WRH-013,DEST_PORT_TO_WAREHOUSE
US-LGB,WRH-004,DEST_PORT_TO_WAREHOUSE
JP-TYO,WRH-008,DEST_PORT_TO_WAREHOUSE
US-NYC,WRH-022,DEST_PORT_TO_WAREHOUSE
US-LGB,WRH-028,DEST_PORT_TO_WAREHOUSE
DE-BRE,WRH-008,DEST_PORT_TO_WAREHOUSE
DE-BRE,WRH-002,DEST_PORT_TO_WAREHOUSE
US-NYC,WRH-016,DEST_PORT_TO_WAREHOUSE
US-NYC,WRH-008,DEST_PORT_TO_WAREHOUSE
US-NYC,WRH-013,DEST_PORT_TO_WAREHOUSE
US-LGB,WRH-019,DEST_PORT_TO_WAREHOUSE
US-LGB,WRH-008,DEST_PORT_TO_WAREHOUSE
US-NYC,WRH-029,DEST_PORT_TO_WAREHOUSE
US-NYC,WRH-027,DEST_PORT_TO_WAREHOUSE
JP-TYO,WRH-021,DEST_PORT_TO_WAREHOUSE
US-LGB,WRH-027,DEST_PORT_TO_WAREHOUSE
NL-RTM,WRH-021,DEST_PORT_TO_WAREHOUSE
JP-TYO,WRH-005,DEST_PORT_TO_WAREHOUSE
DE-BRE,WRH-019,DEST_PORT_TO_WAREHOUSE
JP-TYO,WRH-019,DEST_PORT_TO_WAREHOUSE
SG-SIN,WRH-016,DEST_PORT_TO_WAREHOUSE
US-LGB,WRH-003,DEST_PORT_TO_WAREHOUSE
NL-RTM,WRH-004,DEST_PORT_TO_WAREHOUSE
SG-SIN,WRH-019,DEST_PORT_TO_WAREHOUSE
DE-BRE,WRH-015,DEST_PORT_TO_WAREHOUSE
JP-TYO,WRH-030,DEST_PORT_TO_WAREHOUSE
NL-RTM,WRH-027,DEST_PORT_TO_WAREHOUSE
NL-RTM,WRH-008,DEST_PORT_TO_WAREHOUSE
JP-TYO,WRH-004,DEST_PORT_TO_WAREHOUSE
US-NYC,WRH-021,DEST_PORT_TO_WAREHOUSE
US-LGB,WRH-005,DEST_PORT_TO_WAREHOUSE
DE-BRE,WRH-021,DEST_PORT_TO_WAREHOUSE
US-NYC,WRH-002,DEST_PORT_TO_WAREHOUSE
SG-SIN,WRH-027,DEST_PORT_TO_WAREHOUSE
NL-RTM,WRH-015,DEST_PORT_TO_WAREHOUSE
DE-BRE,WRH-013,DEST_PORT_TO_WAREHOUSE
NL-RTM,WRH-022,DEST_PORT_TO_WAREHOUSE
JP-TYO,WRH-003,DEST_PORT_TO_WAREHOUSE
SG-SIN,WRH-021,DEST_PORT_TO_WAREHOUSE
NL-RTM,WRH-002,DEST_PORT_TO_WAREHOUSE
US-NYC,WRH-030,DEST_PORT_TO_WAREHOUSE
US-LGB,WRH-016,DEST_PORT_TO_WAREHOUSE
SG-SIN,WRH-030,DEST_PORT_TO_WAREHOUSE
SG-SIN,WRH-005,DEST_PORT_TO_WAREHOUSE
NL-RTM,WRH-028,DEST_PORT_TO_WAREHOUSE
US-NYC,WRH-004,DEST_PORT_TO_WAREHOUSE
JP-TYO,WRH-015,DEST_PORT_TO_WAREHOUSE
NL-RTM,WRH-016,DEST_PORT_TO_WAREHOUSE
JP-TYO,WRH-016,DEST_PORT_TO_WAREHOUSE
US-LGB,WRH-002,DEST_PORT_TO_WAREHOUSE
DE-BRE,WRH-028,DEST_PORT_TO_WAREHOUSE
JP-TYO,WRH-002,DEST_PORT_TO_WAREHOUSE
SG-SIN,WRH-015,DEST_PORT_TO_WAREHOUSE
US-NYC,WRH-028,DEST_PORT_TO_WAREHOUSE
JP-TYO,WRH-028,DEST_PORT_TO_WAREHOUSE
