node_id,node_type,echelon,in_degree,out_degree,betweenness_centrality,pagerank,historical_disruption_rate,operational_reliability,gnn_vulnerability_score
SUP-001,Supplier,1,0,1,0.0,0.0035900066338863668,0.26996197718631176,0.7952946768060837,0.2941627502441406
SUP-002,Supplier,1,0,1,0.0,0.0035900066338863668,0.2605633802816901,0.8028169014084507,0.29509007930755615
SUP-003,Supplier,1,0,1,0.0,0.0035900066338863668,0.2797131147540984,0.8013934426229509,0.29105880856513977
SUP-004,Supplier,1,0,1,0.0,0.0035900066338863668,0.26673326673326675,0.7992607392607393,0.29110825061798096
SUP-005,Supplier,1,0,1,0.0,0.0035900066338863668,0.2733739837398374,0.8000609756097561,0.2910964787006378
SUP-006,Supplier,1,0,1,0.0,0.0035900066338863668,0.2699896157840083,0.8028037383177569,0.29197385907173157
SUP-007,Supplier,1,0,1,0.0,0.0035900066338863668,0.2796780684104628,0.8090342052313884,0.2918819487094879
SUP-008,Supplier,1,0,1,0.0,0.0035900066338863668,0.279324055666004,0.8039065606361829,0.2945973873138428
SUP-009,Supplier,1,0,1,0.0,0.0035900066338863668,0.28672032193158953,0.7984507042253522,0.2914104163646698
SUP-010,Supplier,1,0,1,0.0,0.0035900066338863668,0.2752577319587629,0.7983814432989691,0.29515522718429565
SUP-011,Supplier,1,0,1,0.0,0.0035900066338863668,0.29150943396226414,0.7972169811320754,0.2951723039150238
SUP-012,Supplier,1,0,1,0.0,0.0035900066338863668,0.2739593417231365,0.8006195546950629,0.29464560747146606
SUP-013,Supplier,1,0,1,0.0,0.0035900066338863668,0.30078895463510846,0.8011143984220906,0.29361677169799805
SUP-014,Supplier,1,0,1,0.0,0.0035900066338863668,0.279467680608365,0.803384030418251,0.29404422640800476
SUP-015,Supplier,1,0,1,0.0,0.0035900066338863668,0.2759615384615385,0.8014807692307692,0.29361140727996826
SUP-016,Supplier,1,0,1,0.0,0.0035900066338863668,0.25918570009930486,0.7939721946375372,0.2883168160915375
SUP-017,Supplier,1,0,1,0.0,0.0035900066338863668,0.28078817733990147,0.7998817733990148,0.2910279929637909
SUP-018,Supplier,1,0,1,0.0,0.0035900066338863668,0.26804123711340205,0.8016082474226803,0.29264187812805176
SUP-019,Supplier,1,0,1,0.0,0.0035900066338863668,0.2800417972831766,0.7972622779519332,0.2925269603729248
SUP-020,Supplier,1,0,1,0.0,0.0035900066338863668,0.2708133971291866,0.796200956937799,0.2924697995185852
SUP-021,Supplier,1,0,1,0.0,0.0035900066338863668,0.2790224032586558,0.8031262729124237,0.2926194369792938
SUP-022,Supplier,1,0,1,0.0,0.0035900066338863668,0.30903790087463556,0.7959766763848397,0.293692022562027
SUP-023,Supplier,1,0,1,0.0,0.0035900066338863668,0.3056325023084026,0.8021052631578948,0.29462385177612305
SUP-024,Supplier,1,0,1,0.0,0.0035900066338863668,0.29533678756476683,0.8000310880829016,0.29513099789619446
SUP-025,Supplier,1,0,1,0.0,0.0035900066338863668,0.2998965873836608,0.8022337125129265,0.2946219742298126
SUP-026,Supplier,1,0,1,0.0,0.0035900066338863668,0.28727634194831014,0.8011630218687873,0.29131269454956055
SUP-027,Supplier,1,0,1,0.0,0.0035900066338863668,0.2746615087040619,0.7960058027079303,0.2925869822502136
SUP-028,Supplier,1,0,1,0.0,0.0035900066338863668,0.3013555787278415,0.8039520333680917,0.2912715971469879
SUP-029,Supplier,1,0,1,0.0,0.0035900066338863668,0.28542713567839195,0.7988643216080403,0.2892690896987915
SUP-030,Supplier,1,0,1,0.0,0.0035900066338863668,0.28772635814889336,0.8009859154929578,0.2946402430534363
SUP-031,Supplier,1,0,1,0.0,0.0035900066338863668,0.2822265625,0.8048339843750001,0.2950604557991028
SUP-032,Supplier,1,0,1,0.0,0.0035900066338863668,0.266,0.79982,0.2920178771018982
SUP-033,Supplier,1,0,1,0.0,0.0035900066338863668,0.26285160038797284,0.8028128031037828,0.29244500398635864
SUP-034,Supplier,1,0,1,0.0,0.0035900066338863668,0.2770475227502528,0.8041253791708798,0.29403334856033325
SUP-035,Supplier,1,0,1,0.0,0.0035900066338863668,0.30903490759753593,0.8014681724845997,0.29246485233306885
SUP-036,Supplier,1,0,1,0.0,0.0035900066338863668,0.30831643002028397,0.8017038539553752,0.294068843126297
SUP-037,Supplier,1,0,1,0.0,0.0035900066338863668,0.2678396871945259,0.8011534701857281,0.2925109565258026
SUP-038,Supplier,1,0,1,0.0,0.0035900066338863668,0.2807731434384537,0.8022380467955239,0.29509860277175903
SUP-039,Supplier,1,0,1,0.0,0.0035900066338863668,0.28798411122144985,0.7979543197616683,0.29366302490234375
SUP-040,Supplier,1,0,1,0.0,0.0035900066338863668,0.25963488843813387,0.7994827586206896,0.292673259973526
SUP-041,Supplier,1,0,1,0.0,0.0035900066338863668,0.2806673209028459,0.7976251226692835,0.2890189588069916
SUP-042,Supplier,1,0,1,0.0,0.0035900066338863668,0.2522704339051463,0.8047628657921292,0.29458484053611755
SUP-043,Supplier,1,0,1,0.0,0.0035900066338863668,0.27281947261663286,0.8012068965517242,0.29100847244262695
SUP-044,Supplier,1,0,1,0.0,0.0035900066338863668,0.301556420233463,0.8073151750972763,0.29398661851882935
SUP-045,Supplier,1,0,1,0.0,0.0035900066338863668,0.27783155856727976,0.8040174249757986,0.2950724959373474
SUP-046,Supplier,1,0,1,0.0,0.0035900066338863668,0.291015625,0.797880859375,0.2911105155944824
SUP-047,Supplier,1,0,1,0.0,0.0035900066338863668,0.29226069246435843,0.8018024439918534,0.2913610339164734
SUP-048,Supplier,1,0,1,0.0,0.0035900066338863668,0.2875751503006012,0.7880260521042085,0.29270485043525696
SUP-049,Supplier,1,0,1,0.0,0.0035900066338863668,0.299,0.80495,0.29234060645103455
SUP-050,Supplier,1,0,1,0.0,0.0035900066338863668,0.2708333333333333,0.8083531746031747,0.2922903597354889
FAC-001,Factory,2,5,1,0.01313903487816531,0.01884592908084095,0.28705698061484236,0.8197293910319171,0.2538840174674988
FAC-002,Factory,2,1,1,0.002627806975633062,0.0066411911232772845,0.28542713567839195,0.8183929648241207,0.2892639935016632
FAC-003,Factory,2,6,1,0.015766841853798372,0.021897113570231864,0.28333882120513665,0.8210383602239052,0.24804015457630157
FAC-004,Factory,2,3,1,0.007883420926899186,0.012743560102059119,0.2835921674544227,0.8180121539500338,0.26859262585639954
FAC-005,Factory,2,2,1,0.005255613951266124,0.009692375612668202,0.2700251889168766,0.820393450881612,0.27660852670669556
FAC-006,Factory,2,3,1,0.007883420926899186,0.012743560102059119,0.2800524074680642,0.8192086472322306,0.2669103145599365
FAC-007,Factory,2,1,1,0.002627806975633062,0.0066411911232772845,0.2806673209028459,0.8156378802747792,0.2894657254219055
FAC-008,Factory,2,3,1,0.007883420926899186,0.012743560102059119,0.2688904016337645,0.817931586113002,0.2668226361274719
FAC-009,Factory,2,3,1,0.007883420926899186,0.012743560102059119,0.271897193101116,0.8198268515387217,0.2679988443851471
FAC-011,Factory,2,1,1,0.002627806975633062,0.0066411911232772845,0.25918570009930486,0.8241578947368423,0.29072704911231995
FAC-012,Factory,2,2,1,0.005255613951266124,0.009692375612668202,0.2855,0.8215714999999999,0.27658820152282715
FAC-014,Factory,2,3,1,0.007883420926899186,0.012743560102059119,0.2765957446808511,0.818076923076923,0.2684817612171173
FAC-016,Factory,2,7,1,0.018394648829431433,0.02494829805962278,0.280551998861858,0.820772940674349,0.2427304983139038
FAC-017,Factory,2,2,1,0.005255613951266124,0.009692375612668202,0.2768615692153923,0.8205927036481759,0.27799782156944275
FAC-018,Factory,2,2,1,0.005255613951266124,0.009692375612668202,0.29414758269720104,0.8190641221374046,0.27637672424316406
FAC-019,Factory,2,2,1,0.005255613951266124,0.009692375612668202,0.2894736842105263,0.817658906882591,0.2764753997325897
FAC-020,Factory,2,4,1,0.010511227902532248,0.015794744591450034,0.293398533007335,0.8172017114914425,0.25918376445770264
CN-NGB,Origin_Port,3,2,6,0.015050167224080264,0.020065579016103785,0.26866801210898084,0.823148839556004,0.2719910144805908
CN-SHA,Origin_Port,3,4,6,0.03010033444816053,0.0365411513983212,0.27901203922055356,0.8235796202060319,0.25737449526786804
DE-HAM,Origin_Port,3,3,6,0.04264214046822742,0.04904977201408366,0.28473449763133707,0.8204870960899384,0.2653118968009949
US-LAX,Origin_Port,3,3,6,0.03762541806020066,0.043863170312365876,0.27894083574679357,0.824047910633016,0.2650938630104065
VN-SGN,Origin_Port,3,5,6,0.04264214046822742,0.049965539291147706,0.2861919090605149,0.8218398528920093,0.2514565885066986
DE-BRE,Destination_Port,4,5,15,0.021500238891543236,0.031851211959511204,0.2850433526011561,0.7551156069364162,0.2911307215690613
JP-TYO,Destination_Port,4,5,15,0.021500238891543236,0.031851211959511204,0.28356261859582543,0.754375,0.29113081097602844
NL-RTM,Destination_Port,4,5,15,0.021500238891543236,0.031851211959511204,0.28485504631300373,0.7553133646096476,0.2911306917667389
SG-SIN,Destination_Port,4,5,15,0.021500238891543236,0.031851211959511204,0.2793289394847214,0.7564793289394848,0.29113057255744934
US-LGB,Destination_Port,4,5,15,0.021500238891543236,0.031851211959511204,0.2754635203467373,0.7569142788345774,0.2911304831504822
US-NYC,Destination_Port,4,5,15,0.021500238891543236,0.031851211959511204,0.28074709268178083,0.7555080465170915,0.2911306917667389
WRH-002,Warehouse,5,6,0,0.0,0.014421189818065196,0.2806673209028459,0.26240499919607785,0.2917107045650482
WRH-003,Warehouse,5,6,0,0.0,0.014421189818065196,0.293398533007335,0.26336609752844786,0.2917095124721527
WRH-004,Warehouse,5,6,0,0.0,0.014421189818065196,0.2894736842105263,0.2646248774364387,0.29170793294906616
WRH-005,Warehouse,5,6,0,0.0,0.014421189818065196,0.2765957446808511,0.2624922760703217,0.29171058535575867
WRH-008,Warehouse,5,6,0,0.0,0.014421189818065196,0.2835921674544227,0.2609050172870874,0.29171255230903625
WRH-013,Warehouse,5,6,0,0.0,0.014421189818065196,0.28705698061484236,0.2635209820767901,0.2917093336582184
WRH-015,Warehouse,5,6,0,0.0,0.014421189818065196,0.2855,0.26333514421056,0.2917095422744751
WRH-016,Warehouse,5,6,0,0.0,0.014421189818065196,0.2768615692153923,0.26628443071042524,0.2917059063911438
WRH-019,Warehouse,5,6,0,0.0,0.014421189818065196,0.29121621621621624,0.26342872061704925,0.29170942306518555
WRH-021,Warehouse,5,6,0,0.0,0.014421189818065196,0.2688904016337645,0.2628176968936303,0.2917101979255676
WRH-022,Warehouse,5,6,0,0.0,0.014421189818065196,0.28333882120513665,0.26443611224214336,0.29170820116996765
WRH-027,Warehouse,5,6,0,0.0,0.014421189818065196,0.2761016276300119,0.26568829274801586,0.2917066514492035
WRH-028,Warehouse,5,6,0,0.0,0.014421189818065196,0.25918570009930486,0.2642946314041641,0.2917083501815796
WRH-029,Warehouse,5,6,0,0.0,0.014421189818065196,0.280551998861858,0.2646203800219759,0.29170796275138855
WRH-030,Warehouse,5,6,0,0.0,0.014421189818065196,0.271897193101116,0.2626828193466313,0.29171034693717957
